id,title,company,location,salary
https://kr.indeed.com/viewjob?jk=cf9e98a2da702409,카카오 재무시스템 개발자,카카오,성남 판교역,
https://kr.indeed.com/viewjob?jk=7fcc90ef5f9b02b0,클라이언트개발 엔지니어-typescript/webpack (사원~대리),Success Korea,서울 가산디지털단지역,
https://kr.indeed.com/viewjob?jk=fc38d29aa9c86cf2,[멜론/FE플랫폼팀] 프론트엔드 경력 개발자,카카오,성남 판교역,
https://kr.indeed.com/viewjob?jk=0cf864d4a630d9c8,Java Web Application (Front-End),Success Korea,성남 분당구,
https://kr.indeed.com/viewjob?jk=dcb07fd3748b0b94,서버 개발자,유명메신저회사,서울 강남구,
https://kr.indeed.com/viewjob?jk=d0c019c1740d188d,Front-End 개발자 (거래시스템연구소),Success Korea,서울 강남구,
https://kr.indeed.com/viewjob?jk=1a6e2cfdaefec7f5,웹개발자 3명(해외거래소),Success Korea,서울 강남구,
https://kr.indeed.com/viewjob?jk=449e0f73f32c6c7a,Cloud 서비스 (Infra as a Service) 개발자 (경력),카카오,성남 판교역,
https://kr.indeed.com/viewjob?jk=20e216fffb391249,웹 개발 담당,에이치알 코리아,대한민국,
https://kr.indeed.com/viewjob?jk=d04c2290df39254c,빗썸pro Front-End 개발(3명),Success Korea,서울 강남구,
https://kr.indeed.com/viewjob?jk=9a76fa74834273e3,웹개발 (Frontend),Success Korea,서울,
https://kr.indeed.com/viewjob?jk=9b622e86cff66ccc,[챗봇 오픈빌더/FE플랫폼팀] 프론트엔드 경력 개발자,카카오,성남 판교역,
https://kr.indeed.com/viewjob?jk=01a6d54ba67fbfcf,Frontend Data Service Developer,Success Korea,서울,
https://kr.indeed.com/viewjob?jk=98aace8f8db147ad,Front-end 개발자,블로그마케팅 플랫폼 운영,서울,
https://kr.indeed.com/viewjob?jk=ecd6fb1a0fe8a06b,Solutions Engineer Manager (APAC),SendBird,서울,
https://kr.indeed.com/viewjob?jk=0f1edadcedb9deb4,웹퍼블리셔,블로그마케팅 플랫폼 운영,서울,
https://kr.indeed.com/viewjob?jk=1686d7a419c580ab,클라이언트개발(사원~과장급),Success Korea,서울 가산디지털단지역,
https://kr.indeed.com/viewjob?jk=f9ceb937478167f7,조이랩 - 웹 개발 직군,조이랩,경상북도 경산,"월급 2,000,000원 - 2,200,000원"
https://kr.indeed.com/viewjob?jk=3ac00ff8a6e33390,금융 전산시스템 개발 및 운용,Success Korea,대한민국,
https://kr.indeed.com/viewjob?jk=07990c44daa19b02,Front-end 개발자,푸드테크서비스,서울,
https://kr.indeed.com/viewjob?jk=bebeb6cf24f6b665,"[티스토리,브런치/FE플랫폼팀] Front-End 경력 개발자",카카오,성남 판교역,
https://kr.indeed.com/viewjob?jk=27d7a3fd5164f3a1,Front-end Software Engineer,"Moloco, Inc.",서울,
https://kr.indeed.com/viewjob?jk=af232316c73a61c1,Front-end 개발자,"e스포츠.포털,커뮤니티",서울,
https://kr.indeed.com/viewjob?jk=8539d096f25381e1,업계 상위 연봉 개발직군(iOS/Android/Frontend/Backe...,에스브이,서울 강남구,
https://kr.indeed.com/viewjob?jk=9a6c7e28b38178d3,(주)테라젠이텍스 바이오연구소 웹개발자 (정규직),테라젠이텍스 바이오연구소,수원 영통구,
https://kr.indeed.com/viewjob?jk=5588f78f3b93850a,Front-end 개발자,교육용 모바일앱 개발 및 서비스,서울,
https://kr.indeed.com/viewjob?jk=8436402decf997a0,[해외취업] 뉴저지주 IT 서비스 업체 소프트웨어 개발 직원,아이씨엔그룹,대한민국,"연봉 29,000,000원 - 30,000,000원"
https://kr.indeed.com/viewjob?jk=be12216f9bb224c1,[Search&Clova] Clova AI NSML 개발자 신입/경력사원,네이버,대한민국,
https://kr.indeed.com/viewjob?jk=f343ea0b213f415d,Global Web Software Engineer (프론트엔드),LINE Plus corporation,성남 서현역,
https://kr.indeed.com/viewjob?jk=b7fb946e22000d94,11번가 셀러 서비스 개발 분야,십일번가,서울 중구,
https://kr.indeed.com/viewjob?jk=9ba2af0dadae83c3,프론트엔드 웹 개발자,펄핏,서울 강남구,
https://kr.indeed.com/viewjob?jk=04d685fc70b67d4e,Linux/Python/PHP/MySQL/백엔드 정규직 경력,일루미나리안,용인 보정동,
https://kr.indeed.com/viewjob?jk=fcbc386f11811e09,GrapeCity Product Manager (외국계),그레이프시티,안양 동안구,
https://kr.indeed.com/viewjob?jk=6f7012d86a9c4f76,삼성전자 C-lab 출신 기업 룰루랩 웹 플랫폼 개발자,룰루랩,서울 강남구,
https://kr.indeed.com/viewjob?jk=8f285791401b3c22,웹개발 (프론트엔드) 경력 정규직,에이비피,서울 송파구,"연봉 35,000,000원 - 40,000,000원"
https://kr.indeed.com/viewjob?jk=3fd532dea1ab5697,Korea Internship Programme Open During L...,Tech Expozed International,서울,
https://kr.indeed.com/viewjob?jk=7013921cef331e90,Digital Business Analyst,BTS,서울,
https://kr.indeed.com/viewjob?jk=213a490750f01dad,[비즈플랫폼개발] 글로벌 광고 서비스 웹/백엔드 개발자,네이버,대한민국,
https://kr.indeed.com/viewjob?jk=201de59d2a80ffed,네이버 지도 프론트엔드 개발 경력사원,네이버,대한민국,
https://kr.indeed.com/viewjob?jk=3fa51b20ca3eb0ba,개발팀 웹 프론트엔드 엔지니어 채용 (신입/경력/병역특례),테이블매니저(주),서울 성동구,"월급 2,000,000원 - 4,000,000원"
https://kr.indeed.com/viewjob?jk=4ea26c5229e0a016,프론트엔드 개발 경력자 채용,네오랩컨버전스,서울 구로동,
https://kr.indeed.com/viewjob?jk=2a294a38a48a32ee,AI서비스팀 웹프론트엔드 개발자,카카오,성남 판교역,
https://kr.indeed.com/viewjob?jk=89a05c7c844b1526,FrontEnd Developer(프론트앤드) 클라이언트 개발자 경력,에스제이에이치스튜디오,서울 역삼동,
https://kr.indeed.com/viewjob?jk=6c1d50662fa2d7f7,서울 강남구 인썸니아 시니어 개발자 및 퍼블리셔,인썸니아,서울 서초구,
https://kr.indeed.com/viewjob?jk=0cc3bb96bcdde634,웹프로그래머 정규직,약사와건강,용인 기흥구,"연봉 30,000,000원 - 35,000,000원"
https://kr.indeed.com/viewjob?jk=afe1eb9b17eef5f6,솔루션 개발자,NHN godo,서울 구로구,
https://kr.indeed.com/viewjob?jk=c0b3e460967c780a,구독 플랫폼 Framework 개발자 (경력),카카오,성남 판교역,
https://kr.indeed.com/viewjob?jk=9a0e79b077f02e95,개발팀 백엔드 서버 엔지니어 채용 (신입/경력/병역특례),테이블매니저(주),서울 성동구,"월급 2,000,000원 - 4,000,000원"
https://kr.indeed.com/viewjob?jk=83a03f1d655371f9,SW 개발자 (백엔드 서버 개발 / 프론트엔드 클라이언트 개발 / 펌웨어...,메져에이드,서울 구로동,
https://kr.indeed.com/viewjob?jk=21f32b8f1827025d,쓰담 Server Developer,노마드스타,서울 서초구,
https://kr.indeed.com/viewjob?jk=bade80833bbd0926,Front-end Engineer (Javascript),Soomgo,서울 강남구,
https://kr.indeed.com/viewjob?jk=74fb8dc6374ee4bd,프론트엔드 개발자,Nexon,성남 분당구,
https://kr.indeed.com/viewjob?jk=ba1d8e75870cfdf0,카카오같이가치 서비스 웹개발자,카카오,성남 판교역,
https://kr.indeed.com/viewjob?jk=75a4d05b001bf451,웹 개발자,Nexon,성남 분당구,
https://kr.indeed.com/viewjob?jk=976c7ca76ae6addf,글로벌 서비스 FE/서버 개발,LINE Plus corporation,서울 한남동,
https://kr.indeed.com/viewjob?jk=1748baa27965fdbf,"MVP 개발 엔지니어(서버, 웹프론트) (정규직, 계약직, 프리랜서)",더테스터,대전 중구,
https://kr.indeed.com/viewjob?jk=dbe1f7b47692e5dc,[비즈플랫폼개발] 글로벌 광고 SDK 개발자,네이버,대한민국,
https://kr.indeed.com/viewjob?jk=67d626ca09b630e3,NXLog리포트팀 - 웹 프로그래머,Nexon,성남 분당구,
https://kr.indeed.com/viewjob?jk=53730e51c4a60930,솔루션 개발자,고도소프트,서울 구로구,
https://kr.indeed.com/viewjob?jk=700d45026d5a0d8e,"React, Angular, Spring Boot 개발자",이원정보기술,경기도 이천,
https://kr.indeed.com/viewjob?jk=d9193a510794d953,대형 프렌차이즈 프론트엔드 경력 정규직,토니서치,서울 강남구,
https://kr.indeed.com/viewjob?jk=eee4a6d1612a8167,약사와건강 웹프로그래머 경력자 모집 합니다.,약사와 건강,용인 청덕동,
https://kr.indeed.com/viewjob?jk=de4f7133ce2daf1f,프론트엔드 개발 경력직,현대메디,서울 중구,"연봉 30,000,000원 - 32,000,000원"
https://kr.indeed.com/viewjob?jk=35a7b7d0a966d7cf,Java 웹서비스/플랫폼 개발자,NHN,성남 판교역,
https://kr.indeed.com/viewjob?jk=b4e96a7dcac2f50a,인프라 서비스 플랫폼 개발자,카카오,성남 판교역,
https://kr.indeed.com/viewjob?jk=6265119d024f059d,프론트엔드 개발자,펍지,서울 서초동,
https://kr.indeed.com/viewjob?jk=4889d2814b462d35,클라이언트 개발자 FrontEnd Developer,에스제이에이치스튜디오,서울 역삼동,
https://kr.indeed.com/viewjob?jk=cd88d84c85be0dda,모바일게임 플랫폼 서버 개발자,Nexon,성남 분당구,
https://kr.indeed.com/viewjob?jk=02e349111cc87add,유펜솔루션 프론트엔드 개발자,유펜솔루션,서울 서초구,
https://kr.indeed.com/viewjob?jk=89f3b0bb67aad471,올리브 핀테크 함께 일하실 CTO,올리브핀테크,서울 서초구,
https://kr.indeed.com/viewjob?jk=6ae2ee6d3e629b9a,[Search&Clova] 일본 1to1 플랫폼 Front-End 개발자...,네이버,대한민국,
https://kr.indeed.com/viewjob?jk=eeb027369cdab361,분석 플랫폼 웹 프론트 엔지니어,Nexon,성남 분당구,
https://kr.indeed.com/viewjob?jk=7b1bf7ccf8fdf4bb,인공지능 소프트웨어 엔지니어,에이치알 코리아,서울,
https://kr.indeed.com/viewjob?jk=9c63fea8a3b83a00,개발 총괄 PM,비플러스랩,대한민국,
https://kr.indeed.com/viewjob?jk=853347a2d26d4d03,RNA Systems 웹개발자 인턴,RNAGroup,서울 종로구,
https://kr.indeed.com/viewjob?jk=b01342d6d3c2a24a,FinTech 서비스 플랫폼 개발 통해 세상 변화시킬 개발자분 만나고 싶...,핀투비,서울 여의도,
https://kr.indeed.com/viewjob?jk=ff4ad88f9a89b5a5,"Serverless Backend 개발자 Node.js, Python 개...","카메라를 통해 얻어지는 이미지를 활용하여, 차선인식, 전방차량인식, 보행자인식, 어라운드뷰...",서울 가산동,
